,ProductName,ProductPrice,ProductDiscount
0,Bridge Comfort Running Shoes For Men,"₹2,499","₹1,299"
1,Coarse Sneakers For Men,"₹4,999","₹2,399"
2,Rungryp Sneakers For Men,"₹4,999","₹2,350"
3,Puma Buzz Sneakers For Men,"₹4,499","₹1,299"
4,Bridge Comfort Running Shoes For Men,"₹2,499","₹1,299"
5,MERCEDES AMG PETRONAS Drift Cat Ultra Casuals For Men,"₹6,999","₹5,599"
6,X-Ray Speed Casuals For Men,"₹6,999","₹3,849"
7,Puma Buzz Casuals For Men,"₹4,499","₹1,299"
8,Smashic Sneakers For Men,"₹4,499","₹2,241"
9,Rebound Future NextGen Sneakers For Men,"₹7,999","₹4,399"
10,Plush Comfort Running Shoes For Men,"₹2,499","₹1,299"
11,Cricket Power Cricket Shoes For Men,"₹4,999","₹2,999"
12,Plush Comfort Running Shoes For Men,"₹2,499","₹1,299"
13,Puma Pwrflow Slipon Running Shoes For Men,"₹3,999","₹2,399"
14,Buzz Sneakers For Men,"₹4,499","₹1,299"
15,Buzz Casuals For Men,"₹4,499","₹1,299"
16,Enzo Stridance IDP Running Shoes For Men,"₹5,499","₹2,859"
17,PUMA Smash 3.0 Sneakers For Men,"₹5,499","₹2,859"
18,Ferrari R-Cat Machina Motorsport Shoes For Men,"₹7,499","₹3,219"
19,Puma Fierce runner Running Shoes For Men,"₹4,499","₹2,559"
20,Puma Smash V2 L Sneakers For Men,"₹4,999","₹2,749"
21,Daze V2 Sneakers For Men,"₹3,999","₹1,960"
22,Softride Enzo Evo Better Rmx Running Shoes For Men,"₹6,999","₹3,849"
23,Trinity Mid Hybrid Sneakers For Men,"₹8,999","₹4,949"
24,Bridge Comfort Running Shoes For Men,"₹2,499","₹1,299"
25,VITORIA FG/AG Football Shoes For Men,"₹4,999","₹2,749"
26,Puma Smash V2 Buck Sneakers For Men,"₹4,499","₹2,699"
27,Electrify Nitro 3 FM Running Shoes For Men,"₹10,999","₹6,599"
28,Hustle V2 Running Shoes For Men,"₹3,999","₹1,199"
29,Caven 2.0 SD Casuals For Men,"₹5,999","₹3,299"
30,Puma Aspirit Walking Shoes For Men,"₹5,499","₹2,469"
31,Electrify Nitro 2 Running Shoes For Men,"₹10,999","₹6,599"
32,Shuffle One8 V3 Better Sneakers For Men,"₹6,499","₹3,574"
33,Puma Buzz Casuals For Men,"₹4,499","₹1,299"
34,Plush Comfort Running Shoes For Men,"₹2,499","₹1,299"
35,UP Sneakers For Men,"₹3,999","₹2,199"
36,Flyer Runner Engineered Knit V1 Sneakers For Men,"₹5,499","₹2,199"
37,Plush Comfort Walking Shoes For Men,"₹2,499","₹1,299"
38,Manor IDP Casuals For Men,"₹3,999","₹1,899"
39,Skyrocket Lite Alt Running Shoes For Men,"₹4,999","₹2,749"
40,Club II Era YoS Casuals For Men,"₹5,499","₹3,024"
41,Caven 2.0 Seeing Double Casuals For Men,"₹5,999","₹3,299"
42,Club II Era YoS Casuals For Men,"₹5,499","₹3,024"
43,Caven 2.0 Abrupt Casuals For Men,"₹6,499","₹3,574"
44,Buzz Sneakers For Men,"₹4,499","₹1,299"
45,Supreme Comfort Training & Gym Shoes For Men,"₹2,699","₹1,484"
46,Puma Wired Rapid Sneakers For Men,"₹5,499","₹3,299"
47,FTR Xtraflow IDP Running Shoes For Men,"₹5,499","₹3,024"
48,Caven 2.0 Year of Sport Casuals For Men,"₹6,999","₹3,849"
49,Electron E Training & Gym Shoes For Men,"₹4,999","₹2,649"
50,ULTRA PLAY FG AG Football Shoes For Men,"₹4,999","₹3,999"
51,X-Ray 2 Square Casuals For Men,"₹7,999","₹4,399"
52,Cliff IDP Sneakers For Men,"₹3,499","₹1,924"
53,Electron E Running Shoes For Men,"₹4,999","₹2,649"
54,Electron 2.0 Casuals For Men,"₹5,999","₹2,700"
55,Rebound Future NextGen Sneakers For Men,"₹7,999","₹3,760"
56,PUMA R78 SL Sneakers For Men,"₹4,999","₹2,749"
57,Axelion Refresh Running Shoes For Men,"₹6,999","₹3,709"
58,Cricket Power Cricket Shoes For Men,"₹4,999","₹2,749"
59,Puma Melanite Slip on Sneakers For Men,"₹4,499","₹2,474"
60,Puma Ad-court Badminton Shoes For Men,"₹3,799","₹1,786"
61,UP Sneakers For Men,"₹3,999","₹1,880"
62,FlexFocus Lite Running Shoes For Men,"₹5,499","₹3,024"
63,Skyrocket Lite Alt Running Shoes For Men,"₹4,999","₹2,749"
64,PUMA R78 SL Sneakers For Men,"₹4,999","₹2,999"
65,Skyrocket Lite Alt Running Shoes For Men,"₹4,999","₹2,749"
66,Puma Caven 2.0 Mid Sneakers For Men,"₹6,999","₹3,849"
67,Hustle V2 Sneakers For Men,"₹3,999","₹2,399"
68,Plush Comfort Running Shoes For Men,"₹2,499","₹1,299"
69,BMW M Motorsport A3rokart Mid Sneakers For Men,"₹9,999","₹4,999"
70,Smash Vulc V3 LO Sneakers For Men,"₹4,499","₹2,474"
71,Cell Glare Running Shoes For Men,"₹5,999","₹3,599"
72,Zod Runner V3 IDP Casuals For Men,"₹3,999","₹1,199"
73,Cricket Power Cricket Shoes For Men,"₹4,999","₹2,999"
74,Plush Comfort Running Shoes For Men,"₹2,499","₹1,299"
75,Softride Enzo Evo Slip-On Walking Shoes For Men,"₹6,499","₹3,574"
76,Caven 2.0 Casuals For Men,"₹5,999","₹3,299"
77,BMW MMS Neo Cat 2.0 Casuals For Men,"₹6,999","₹3,849"
78,Bridge Comfort Running Shoes For Men,"₹2,499","₹1,299"
79,Coarse Sneakers For Men,"₹4,999","₹2,399"
80,X-Ray Speed Casuals For Men,"₹6,999","₹3,849"
81,Bazin Running Shoes For Men,"₹3,999","₹1,999"
82,Anzarun Krick Sneakers For Men,"₹4,499","₹1,799"
83,Caven 2.0 Casuals For Men,"₹5,999","₹3,299"
84,Enzo Stridance IDP Running Shoes For Men,"₹5,499","₹2,859"
85,Smash Vulc V3 LO Casuals For Men,"₹4,499","₹2,474"
86,Puma Onehill Sneakers For Men,"₹4,299","₹2,088"
87,Puma level IDP Sneakers For Men,"₹4,299","₹2,004"
88,Puma Buzz Casuals For Men,"₹4,499","₹1,299"
89,Caven 2.0 Casuals For Men,"₹5,999","₹3,299"
90,Disperse XT 3 Knit Training & Gym Shoes For Men,"₹5,999","₹3,599"
91,Puma Grypease IDP Walking Shoes For Men,"₹3,999","₹1,960"
92,Club II Era YoS Casuals For Men,"₹5,499","₹3,024"
93,Skyrocket Lite Alt Running Shoes For Men,"₹4,999","₹2,749"
94,UP Casuals For Men,"₹3,999","₹2,199"
95,Doublecourt Sneakers For Men,"₹8,999","₹4,949"
96,Explore Nitro Running Shoes For Men,"₹10,999","₹7,149"
97,PUMA R78 SL Sneakers For Men,"₹4,999","₹2,999"
98,Softride Enzo Evo Camo Running Shoes For Men,"₹6,999","₹3,849"
99,Puma Propelix Sneakers For Men,"₹4,499","₹2,115"
100,Lite Pro v2 Casuals For Men,"₹3,999","₹1,799"
101,Puma Exotine 2.0 IDP Running Shoes For Men,"₹3,799","₹4,999"
102,Nomic Sneakers For Men,"₹3,799","₹1,786"
103,Ad-court Badminton Shoes For Men,"₹3,999","₹2,279"
104,Hustle V2 IDP Running Shoes For Men,"₹7,999","₹1,199"
105,Voltaic Evo Running Shoes For Men,"₹3,999","₹4,399"
106,Puma Grypease IDP Walking Shoes For Men,"₹3,999","₹1,947"
107,Zod Runner V3 IDP Casuals For Men,"₹5,499","₹2,399"
108,FlexFocus Lite Running Shoes For Men,"₹3,999","₹3,024"
109,Puma Bazin IDP Running Shoes For Men,"₹5,499","₹2,199"
110,Exotine 2.0 Running Shoes For Men,"₹7,999","₹4,999"
111,Liberate Nitro 2 Running Shoes For Men,"₹5,999","₹10,999"
112,Club II Year Of Sports Casuals For Men,"₹3,999","₹3,024"
113,X-Ray 2 Square Casuals For Men,"₹7,999","₹4,399"
114,Caven 2.0 Sneakers For Men,"₹11,999","₹2,820"
115,Pacer Slip on V3 Casuals For Men,"₹4,999","₹2,199"
116,X-Ray 3 Casuals For Men,"₹5,499","₹4,399"
117,PUMA Spike 22.1 Cricket Shoes For Men,NA,"₹5,640"
118,Cricket Power Cricket Shoes For Men,NA,"₹2,749"
119,Puma Rickie Walking Shoes For Men,NA,"₹2,909"
120,X-Ray Speed Casuals For Men,"₹6,999","₹3,849"
121,Bazin Running Shoes For Men,"₹3,999","₹1,999"
122,Puma Rickie Walking Shoes For Men,"₹5,499","₹2,909"
123,X-Ray 3 SD Casuals For Men,"₹7,999","₹4,399"
124,FlexFocus Lite Better Knit Running Shoes For Men,"₹5,999","₹3,299"
125,Puma Shuffle Ultra Sneakers For Men,"₹4,999","₹1,699"
126,Puma Onehill Sneakers For Men,"₹4,299","₹2,088"
127,Puma level IDP Sneakers For Men,"₹4,299","₹2,004"
128,Smashic Sneakers For Men,"₹4,499","₹2,249"
129,FlexFocus Lite Running Shoes For Men,"₹5,499","₹3,299"
130,Disperse XT 3 Knit Training & Gym Shoes For Men,"₹5,999","₹3,599"
131,Puma Grypease IDP Walking Shoes For Men,"₹3,999","₹1,960"
132,Puma Wish Max Sneakers For Men,"₹4,499","₹1,799"
133,Cricket Square Cricket Shoes For Men,"₹4,999","₹2,399"
134,R78 Year Of Sports Casuals For Men,"₹6,499","₹3,574"
135,Zod Runner V3 IDP Casuals For Men,"₹3,999","₹2,399"
136,Explore Nitro Running Shoes For Men,"₹10,999","₹7,149"
137,Lite Pro v2 Casuals For Men,"₹3,999","₹1,799"
138,Pacer Fire IDP Sneakers For Men,"₹4,499","₹2,115"
139,Hustle V2 IDP Running Shoes For Men,"₹3,999","₹1,199"
140,PUMA R78 SL Sneakers For Men,"₹4,999","₹2,999"
141,Puma Exotine 2.0 IDP Running Shoes For Men,"₹4,299","₹4,999"
142,Puma Cave V2 Casuals For Men,"₹4,499","₹2,021"
143,Wish Max Sneakers For Men,"₹5,999","₹1,799"
144,FlexFocus Lite Better Knit Running Shoes For Men,"₹4,499","₹3,299"
145,Smashic Sneakers For Men,"₹3,999","₹2,241"
146,Puma Grypease IDP Walking Shoes For Men,"₹3,999","₹1,947"
147,Zod Runner V3 IDP Casuals For Men,"₹7,999","₹2,399"
148,X-Ray 3 SD Casuals For Men,"₹4,999","₹4,399"
149,Smash V2 L Sneakers For Men,"₹4,499","₹2,749"
150,Exotine 2.0 Running Shoes For Men,"₹3,499","₹4,999"
151,Liberate Nitro 2 Running Shoes For Men,"₹4,499","₹10,999"
152,Smash V2 Buck Sneakers For Men,"₹7,999","₹2,699"
153,Puma Dryflex IDP Running Shoes For Men,"₹7,999","₹1,396"
154,ATTACANTO FG/AG Football Shoes For Men,"₹11,999","₹2,249"
155,X-Ray 2 Square Casuals For Men,"₹3,999","₹4,399"
156,X-Ray 3 Casuals For Men,"₹2,699","₹4,399"
157,PUMA Spike 22.1 Cricket Shoes For Men,NA,"₹5,640"
158,Trackracer 2.0 IDP Sneakers For Men,NA,"₹2,199"
159,Essex Comfort Running Shoes For Men,NA,"₹1,299"
160,X-Ray Speed Casuals For Men,"₹6,999","₹3,849"
161,Bazin Running Shoes For Men,"₹3,999","₹1,999"
162,Club 5v5 Lux OG Casuals For Men,"₹6,999","₹3,849"
163,Court Ultra Lite Sneakers For Men,"₹5,999","₹3,179"
164,Caven 2.0 Abrupt Casuals For Men,"₹6,499","₹3,574"
165,Caven 2.0 Sneakers For Men,"₹5,999","₹3,599"
166,Puma Onehill Sneakers For Men,"₹4,299","₹2,088"
167,Puma level IDP Sneakers For Men,"₹4,299","₹2,004"
168,Smash V2 Buck Sneakers For Men,"₹4,499","₹2,788"
169,BMW MMS Neo Cat Mid 2.0 Casuals For Men,"₹7,999","₹4,399"
170,Disperse XT 3 Knit Training & Gym Shoes For Men,"₹5,999","₹3,599"
171,Puma Grypease IDP Walking Shoes For Men,"₹3,999","₹1,960"
172,X-Ray 2 Square Casuals For Men,"₹7,999","₹4,399"
173,Tour Running Shoes For Men,"₹4,499","₹2,159"
174,Cricket Active Cricket Shoes For Men,"₹4,999","₹2,350"
175,Fire run Sneakers For Men,"₹2,999","₹1,649"
176,Explore Nitro Running Shoes For Men,"₹10,999","₹7,149"
177,Lite Pro v2 Casuals For Men,"₹3,999","₹1,799"
178,Supreme Comfort Training & Gym Shoes For Men,"₹2,699","₹1,484"
179,Glory Sneakers For Men,"₹2,999","₹1,799"
180,PUMA R78 SL Sneakers For Men,"₹4,999","₹2,999"
181,Puma Exotine 2.0 IDP Running Shoes For Men,"₹3,999","₹4,999"
182,Zod Runner V3 IDP Casuals For Men,"₹4,499","₹1,199"
183,Puma Vellfire Sneakers For Men,"₹6,499","₹2,339"
184,Shuffle One8 V3 Better Sneakers For Men,"₹4,999","₹3,574"
185,Cricket Active Cricket Shoes For Men,"₹3,999","₹2,381"
186,Puma Grypease IDP Walking Shoes For Men,"₹3,999","₹1,947"
187,Zod Runner V3 IDP Casuals For Men,"₹4,999","₹2,399"
188,Puma Rungryp Sneakers For Men,"₹6,999","₹2,350"
189,Scuderia Ferrari Caven 2.0 Neon Casuals For Men,"₹3,299","₹3,849"
190,Exotine 2.0 Running Shoes For Men,"₹4,999","₹4,999"
191,Liberate Nitro 2 Running Shoes For Men,"₹3,999","₹10,999"
192,Cricket HighRun Cricket Shoes For Men,"₹5,499","₹1,979"
193,Scorch Runner V2 Running Shoes For Men,"₹7,999","₹2,399"
194,Puma Alfarun Hyperwave Sneakers For Men,"₹11,999","₹2,199"
195,Club II Year Of Sports Casuals For Men,"₹3,999","₹3,024"
196,X-Ray 3 Casuals For Men,"₹6,999","₹4,399"
197,PUMA Spike 22.1 Cricket Shoes For Men,NA,"₹5,640"
198,Zod Runner V3 IDP Casuals For Men,NA,"₹1,199"
199,Caven 2.0 Year of Sport Casuals For Men,NA,"₹3,849"
200,X-Ray Speed Casuals For Men,"₹6,999","₹3,849"
201,Bazin Running Shoes For Men,"₹3,999","₹1,999"
202,Trinity Mid Hybrid Casuals For Men,"₹8,999","₹4,949"
203,Puma Buzz Casuals For Men,"₹4,499","₹1,299"
204,PUMA Smash 3.0 Sneakers For Men,"₹5,499","₹3,024"
205,X-Ray 2 Square Casuals For Men,"₹7,999","₹4,399"
206,Puma Onehill Sneakers For Men,"₹4,299","₹2,088"
207,Puma level IDP Sneakers For Men,"₹4,299","₹2,004"
208,Mercedes-AMG Petronas F1 CA Pro Crush Casuals For Men,"₹8,999","₹4,949"
209,Coy Float Slip On Walking Shoes For Men,"₹4,499","₹2,339"
210,Disperse XT 3 Knit Training & Gym Shoes For Men,"₹5,999","₹3,599"
211,Puma Grypease IDP Walking Shoes For Men,"₹3,999","₹1,960"
212,KING MATCH FG/AG Football Shoes For Men,"₹7,999","₹4,399"
213,Rebound Abrupt Casuals For Men,"₹7,999","₹4,399"
214,Hustle V2 IDP Running Shoes For Men,"₹3,999","₹1,199"
215,Whisk V2 Casuals For Men,"₹4,299","₹2,579"
216,Explore Nitro Running Shoes For Men,"₹10,999","₹7,149"
217,Lite Pro v2 Casuals For Men,"₹3,999","₹1,799"
218,FlexFocus Lite Running Shoes For Men,"₹5,499","₹3,024"
219,PUMA Fireball Sneakers For Men,"₹4,299","₹2,235"
220,PUMA R78 SL Sneakers For Men,"₹4,999","₹2,999"
221,Puma Exotine 2.0 IDP Running Shoes For Men,"₹4,999","₹4,999"
222,R78 SL Sneakers For Men,"₹3,999","₹2,999"
223,Anzarun Lite SlipOn Sneakers For Men,"₹7,999","₹2,399"
224,Voltaic Evo Running Shoes For Men,"₹6,999","₹4,799"
225,Softride Enzo Evo Better Remix Walking Shoes For Men,"₹3,999","₹3,849"
226,Puma Grypease IDP Walking Shoes For Men,"₹3,999","₹1,947"
227,Zod Runner V3 IDP Casuals For Men,"₹3,999","₹2,399"
228,Hustle V2 Sneakers For Men,"₹7,999","₹1,199"
229,Trinity Sneakers For Men,"₹7,999","₹4,799"
230,Exotine 2.0 Running Shoes For Men,"₹4,999","₹4,999"
231,Liberate Nitro 2 Running Shoes For Men,"₹5,499","₹10,999"
232,X-Ray 3 Casuals For Men,"₹2,699","₹4,399"
233,Cricket Square Cricket Shoes For Men,"₹7,999","₹3,299"
234,PUMA Smash 3.0 Sneakers For Men,"₹11,999","₹3,024"
235,Essex Comfort Walking Shoes For Men,"₹6,999","₹1,299"
236,X-Ray 3 Casuals For Men,"₹3,999","₹4,399"
237,PUMA Spike 22.1 Cricket Shoes For Men,NA,"₹5,640"
238,Club 5v5 Sneakers For Men,NA,"₹3,290"
239,Puma Deuce Badminton Shoes For Men,NA,"₹2,199"
240,X-Ray Speed Casuals For Men,"₹6,999","₹3,849"
241,Bazin Running Shoes For Men,"₹3,999","₹1,999"
242,Disperse XT 3 Knit Training & Gym Shoes For Men,"₹5,999","₹3,003"
243,X-Ray 3 Casuals For Men,"₹7,999","₹4,399"
244,Voltaic Evo Running Shoes For Men,"₹7,999","₹4,399"
245,BMW MMS Suede T Casuals For Men,"₹9,999","₹5,499"
246,Puma Onehill Sneakers For Men,"₹4,299","₹2,088"
247,Puma level IDP Sneakers For Men,"₹4,299","₹2,004"
248,R78 Casuals For Men,"₹5,999","₹3,299"
249,UP Casuals For Men,"₹3,999","₹2,199"
250,Disperse XT 3 Knit Training & Gym Shoes For Men,"₹5,999","₹3,599"
251,Puma Grypease IDP Walking Shoes For Men,"₹3,999","₹1,960"
252,Disperse XT 3 Hyperwave Training & Gym Shoes For Men,"₹5,999","₹3,599"
253,Puma Alfarun Sneakers For Men,"₹4,999","₹2,499"
254,Puma Rock V1 Sneakers For Men,"₹5,499","₹3,299"
255,X-Ray Speed Casuals For Men,"₹6,999","₹3,849"
256,Explore Nitro Running Shoes For Men,"₹10,999","₹7,149"
257,Lite Pro v2 Casuals For Men,"₹3,999","₹1,799"
258,Scorch Runner V2 Sneakers For Men,"₹4,999","₹2,499"
259,Caven 2.0 Mid Sneakers For Men,"₹6,999","₹4,199"
260,PUMA R78 SL Sneakers For Men,"₹4,999","₹2,999"
261,Puma Exotine 2.0 IDP Running Shoes For Men,"₹6,499","₹4,999"
262,Caven 2.0 Lux Casuals For Men,"₹4,499","₹3,574"
263,Robust V2 Sneakers For Men,"₹2,799","₹1,659"
264,ST Activate Walking Shoes For Men,"₹4,499","₹1,619"
265,Puma Buzz Casuals For Men,"₹3,999","₹2,699"
266,Puma Grypease IDP Walking Shoes For Men,"₹3,999","₹1,947"
267,Zod Runner V3 IDP Casuals For Men,"₹4,999","₹2,399"
268,Anzarun Camo Sneakers For Men,"₹9,999","₹2,449"
269,CA Pro Classic Podium Casuals For Men,"₹4,499","₹5,499"
270,Exotine 2.0 Running Shoes For Men,"₹4,999","₹4,999"
271,Liberate Nitro 2 Running Shoes For Men,"₹3,999","₹10,999"
272,Puma Tread Run Sneakers For Men,"₹5,499","₹2,699"
273,Anzarun Camo Sneakers For Men,"₹7,999","₹2,749"
274,Bazin Running Shoes For Men,"₹11,999","₹2,199"
275,ST Runner v3 L Sneakers For Men,"₹5,499","₹2,678"
276,X-Ray 3 Casuals For Men,"₹6,999","₹4,399"
277,PUMA Spike 22.1 Cricket Shoes For Men,NA,"₹5,640"
278,Disperse XT Men's Training & Gym Shoes For Men,NA,"₹3,024"
279,Softride Enzo Evo Better Remix Walking Shoes For Men,NA,"₹3,849"
280,X-Ray Speed Casuals For Men,"₹6,999","₹3,849"
281,Bazin Running Shoes For Men,"₹3,999","₹1,999"
282,Extend Lite Trail Running Shoes For Men,"₹5,999","₹3,299"
283,Spike 22.2 Casuals For Men,"₹7,499","₹4,385"
284,Hustle V2 Running Shoes For Men,"₹3,999","₹1,199"
285,Puma Alfarun Hyperwave Sneakers For Men,"₹3,999","₹2,399"
286,Puma Onehill Sneakers For Men,"₹4,299","₹2,088"
287,Puma level IDP Sneakers For Men,"₹4,299","₹2,004"
288,Puma Caven 2.0 Sneakers For Men,"₹5,999","₹3,599"
289,Puma Flyumph Sneakers For Men,"₹3,999","₹2,199"
290,Disperse XT 3 Knit Training & Gym Shoes For Men,"₹5,999","₹3,599"
291,Puma Grypease IDP Walking Shoes For Men,"₹3,999","₹1,960"
292,CA Pro Classic Contour Casuals For Men,"₹7,999","₹4,399"
293,Smash V2 L Sneakers For Men,"₹4,999","₹2,749"
294,Puma Rebound Future NextGen Sneakers For Men,"₹7,999","₹4,399"
295,Scorch Runner V2 Sneakers For Men,"₹4,999","₹1,849"
296,Explore Nitro Running Shoes For Men,"₹10,999","₹7,149"
297,Lite Pro v2 Casuals For Men,"₹3,999","₹1,799"
298,Skyrocket Lite Alt Running Shoes For Men,"₹4,999","₹2,749"
299,Mercedes-AMGSuede T Casuals For Men,"₹9,999","₹5,499"
300,PUMA R78 SL Sneakers For Men,"₹4,999","₹2,999"
301,Puma Exotine 2.0 IDP Running Shoes For Men,"₹4,499","₹4,999"
302,VITORIA TT Football Shoes For Men,"₹4,499","₹2,474"
303,Puma Impel Casuals For Men,"₹5,499","₹2,486"
304,FTR Xtraflow IDP Running Shoes For Men,"₹3,999","₹3,024"
305,Pacer Slip on V3 Sneakers For Men,"₹3,999","₹2,399"
306,Puma Grypease IDP Walking Shoes For Men,"₹3,999","₹1,947"
307,Zod Runner V3 IDP Casuals For Men,"₹4,499","₹2,399"
308,Serve Pro Lite Sneakers For Men,"₹5,499","₹2,474"
309,Scorch Mark Slip On Sneakers For Men,"₹4,499","₹2,089"
310,Exotine 2.0 Running Shoes For Men,"₹4,999","₹4,999"
311,Liberate Nitro 2 Running Shoes For Men,"₹4,999","₹10,999"
312,Puma Sprinter Casuals For Men,"₹3,999","₹2,115"
313,Puma X-Ray Declan One8 Sneakers For Men,"₹7,999","₹2,999"
314,Puma Rungryp Sneakers For Men,"₹11,999","₹2,599"
315,Puma Tychonic Sneakers For Men,"₹3,999","₹1,880"
316,X-Ray 3 Casuals For Men,"₹6,499","₹4,399"
317,PUMA Spike 22.1 Cricket Shoes For Men,NA,"₹5,640"
318,Daze V2 Sneakers For Men,NA,"₹1,960"
319,Caven 2.0 Abrupt Casuals For Men,NA,"₹3,574"
320,X-Ray Speed Casuals For Men,"₹6,999","₹3,849"
321,Bazin Running Shoes For Men,"₹3,999","₹1,999"
322,Grand Slipon Walking Shoes For Men,"₹3,499","₹1,924"
323,Caven 2.0 Abrupt Casuals For Men,"₹6,499","₹3,574"
324,Daze V2 Sneakers For Men,"₹3,999","₹1,960"
325,BMW MMS Neo Cat Mid 2.0 Casuals For Men,"₹7,999","₹4,399"
326,Puma Onehill Sneakers For Men,"₹4,299","₹2,088"
327,Puma level IDP Sneakers For Men,"₹4,299","₹2,004"
328,Zod Runner V3 IDP Casuals For Men,"₹3,999","₹2,399"
329,Dare Walking Shoes For Men,"₹3,999","₹1,999"
330,Disperse XT 3 Knit Training & Gym Shoes For Men,"₹5,999","₹3,599"
331,Puma Grypease IDP Walking Shoes For Men,"₹3,999","₹1,960"
332,Transport Running Shoes For Men,"₹4,999","₹2,749"
333,Doublecourt PRM Sneakers For Men,"₹8,999","₹4,949"
334,Flair 2 Walking Shoes For Men,"₹4,999","₹2,450"
335,FlexFocus Lite Running Shoes For Men,"₹5,499","₹3,019"
336,Explore Nitro Running Shoes For Men,"₹10,999","₹7,149"
337,Lite Pro v2 Casuals For Men,"₹3,999","₹1,799"
338,Coy Float Slip On Walking Shoes For Men,"₹4,499","₹2,699"
339,VITORIA IT Football Shoes For Men,"₹4,499","₹2,474"
340,PUMA R78 SL Sneakers For Men,"₹4,999","₹2,999"
341,Puma Exotine 2.0 IDP Running Shoes For Men,"₹6,999","₹4,999"
342,X-Ray Speed Casuals For Men,"₹3,999","₹3,849"
343,Hustle V2 IDP Casuals For Men,"₹8,999","₹2,399"
344,Redeem Pro Racer Running Shoes For Men,"₹4,999","₹4,949"
345,Puma Exotine 2.0 IDP Running Shoes For Men,"₹3,999","₹2,350"
346,Puma Grypease IDP Walking Shoes For Men,"₹4,499","₹1,947"
347,Exotine 2.0 Running Shoes For Men,"₹4,999","₹4,999"
348,Puma Buzz Casuals For Men,"₹7,999","₹1,299"
349,Badminton Smash Sprint Running Shoes For Men,"₹3,999","₹2,649"
350,Liberate Nitro 2 Running Shoes For Men,"₹7,999","₹10,999"
351,X-Ray 3 Casuals For Men,"₹4,499","₹4,399"
352,Puma Flyumph Sneakers For Men,"₹4,499","₹2,199"
353,RBD Game WTR Sneakers For Men,"₹11,999","₹4,799"
354,Puma Fierce runner Running Shoes For Men,"₹7,999","₹2,559"
355,Tour Running Shoes For Men,"₹8,999","₹1,929"
356,PUMA Spike 22.1 Cricket Shoes For Men,"₹4,999","₹5,640"
357,Basket Classic XXI Sneakers For Men,NA,"₹4,799"
358,Future Rider Override Sneakers For Men,NA,"₹5,399"
359,Neostep One8 Sneakers For Men,NA,"₹2,749"
360,X-Ray Speed Casuals For Men,"₹6,999","₹3,849"
361,Bazin Running Shoes For Men,"₹3,999","₹1,999"
362,Scorch Mark Slip On Sneakers For Men,"₹5,499","₹2,089"
363,PUMA Fireball Casuals For Men,"₹4,299","₹2,235"
364,Anzarun 2.0 Casuals For Men,"₹6,999","₹3,849"
365,Mercedes-AMG Petronas F1 CA Pro Crush Casuals For Men,"₹8,999","₹4,949"
366,Puma Onehill Sneakers For Men,"₹4,299","₹2,088"
367,Puma level IDP Sneakers For Men,"₹4,299","₹2,004"
368,Coarse Sneakers For Men,"₹4,999","₹1,999"
369,Puma Static Casuals For Men,"₹3,999","₹1,880"
370,Disperse XT 3 Knit Training & Gym Shoes For Men,"₹5,999","₹3,599"
371,Puma Grypease IDP Walking Shoes For Men,"₹3,999","₹1,960"
372,Dexster Slip On IDP Sneakers For Men,"₹3,999","₹2,199"
373,24 FH Rubber Running Shoes For Men,"₹6,999","₹5,599"
374,Pacer Fire IDP Casuals For Men,"₹4,499","₹1,935"
375,Puma Walter Running Shoes For Men,"₹4,499","₹2,699"
376,Explore Nitro Running Shoes For Men,"₹10,999","₹7,149"
377,Lite Pro v2 Casuals For Men,"₹3,999","₹1,799"
378,Pacer Styx IDP Sneakers For Men,"₹4,499","₹2,699"
379,Dwane IDP Casuals For Men,"₹3,999","₹1,199"
380,PUMA R78 SL Sneakers For Men,"₹4,999","₹2,999"
381,Puma Exotine 2.0 IDP Running Shoes For Men,"₹7,499","₹4,999"
382,Pacer 23 Sneakers For Men,"₹5,499","₹3,549"
383,Cricket Alrounder Cricket Shoes For Men,"₹11,999","₹2,579"
384,RS-X Efekt PRM Sneakers For Men,"₹3,999","₹7,199"
385,Zod Runner V3 IDP Casuals For Men,"₹3,999","₹1,199"
386,Puma Grypease IDP Walking Shoes For Men,"₹3,999","₹1,947"
387,Zod Runner V3 IDP Casuals For Men,"₹3,999","₹2,399"
388,Pacer Slip on V3 Sneakers For Men,"₹7,499","₹2,199"
389,Solarstrike III Badminton Shoes For Men,"₹9,999","₹4,124"
390,Exotine 2.0 Running Shoes For Men,"₹3,299","₹4,999"
391,Liberate Nitro 2 Running Shoes For Men,"₹7,999","₹10,999"
392,Mercedes-AMGSuede T Casuals For Men,"₹4,999","₹5,499"
393,Cricket HighRun Cricket Shoes For Men,"₹7,999","₹1,979"
394,CA Pro Classic Sneakers For Men,"₹11,999","₹4,399"
395,FTR Connect Running Shoes For Men,"₹4,499","₹2,749"
396,X-Ray 3 Casuals For Men,"₹7,999","₹4,399"
397,PUMA Spike 22.1 Cricket Shoes For Men,NA,"₹5,640"
398,VITORIA TT Football Shoes For Men,NA,"₹2,474"
399,FUTURE 7 MATCH TT Football Shoes For Men,NA,"₹4,399"
400,X-Ray Speed Casuals For Men,"₹6,999","₹3,849"
401,Bazin Running Shoes For Men,"₹3,999","₹1,999"
402,FTR Xtraflow IDP Running Shoes For Men,"₹5,499","₹2,585"
403,Flipster IDP Casuals For Men,"₹3,999","₹1,875"
404,FUTURE 7 MATCH TT Football Shoes For Men,"₹7,999","₹4,399"
405,Cricket Square Cricket Shoes For Men,"₹4,999","₹2,649"
406,Puma Onehill Sneakers For Men,"₹4,299","₹2,088"
407,Puma level IDP Sneakers For Men,"₹4,299","₹2,004"
408,Puma Shuffle Ultra Sneakers For Men,"₹4,999","₹1,699"
409,Puma Camo v3 Walking Shoes For Men,"₹4,499","₹2,474"
410,Disperse XT 3 Knit Training & Gym Shoes For Men,"₹5,999","₹3,599"
411,Puma Grypease IDP Walking Shoes For Men,"₹3,999","₹1,960"
412,Future Rider Twofold Sneakers For Men,"₹6,999","₹3,639"
413,Caven 2.0 Seeing Double Casuals For Men,"₹5,999","₹3,299"
414,Softride Astro Slip Walking Shoes For Men,"₹6,999","₹3,290"
415,Running Shoes For Men,"₹10,999","₹4,499"
416,Explore Nitro Running Shoes For Men,"₹3,999","₹7,149"
417,Lite Pro v2 Casuals For Men,"₹9,999","₹1,799"
418,Genetics Basketball Shoes For Men,"₹5,999","₹5,499"
419,Contempt Demi Remix Mesh Training & Gym Shoes For Men,"₹4,999","₹3,599"
420,PUMA R78 SL Sneakers For Men,"₹4,299","₹2,999"
421,Puma Exotine 2.0 IDP Running Shoes For Men,"₹3,999","₹4,999"
422,Comp Walking Shoes For Men,"₹4,499","₹1,823"
423,Hurdler IDP Walking Shoes For Men,"₹3,499","₹2,399"
424,Smooth Walk Training & Gym Shoes For Men,"₹3,999","₹2,159"
425,Puma Relax Knit Slip on Walking Shoes For Men,"₹4,499","₹2,099"
426,Puma Grypease IDP Walking Shoes For Men,"₹6,499","₹1,947"
427,Exotine 2.0 Running Shoes For Men,"₹7,999","₹4,999"
428,Foam Stride Sneakers For Men,"₹4,299","₹2,249"
429,Amare Fresh Running Shoes For Men,"₹4,999","₹3,574"
430,Liberate Nitro 2 Running Shoes For Men,"₹10,999","₹10,999"
431,X-Ray 3 Casuals For Men,"₹6,499","₹4,399"
432,Puma Ardent V1 Running Shoes For Men,"₹11,999","₹1,823"
433,Badminton Smash Sprint Badminton Shoes For Men,"₹7,999","₹2,499"
434,Liberate Nitro 2 Running Shoes For Men,"₹4,499","₹6,599"
435,Caven 2.0 Abrupt Casuals For Men,"₹9,999","₹3,574"
436,PUMA Spike 22.1 Cricket Shoes For Men,NA,"₹5,640"
437,Basket Classic XXI Sneakers For Men,NA,"₹4,799"
438,Puma Melanite Slip on Sneakers For Men,NA,"₹2,019"
439,Genetics Speckle Basketball Shoes For Men,NA,"₹5,499"
440,X-Ray Speed Casuals For Men,"₹6,999","₹3,849"
441,Bazin Running Shoes For Men,"₹3,999","₹1,999"
442,Flyer Runner Engineered Knit V1 Sneakers For Men,"₹5,499","₹1,973"
443,Park Lifestyle OG Casuals For Men,"₹6,999","₹3,849"
444,Puma Rungryp Sneakers For Men,"₹4,999","₹2,350"
445,Dexfly V1 Sneakers For Men,"₹3,999","₹2,119"
446,Puma Onehill Sneakers For Men,"₹4,299","₹2,088"
447,Puma level IDP Sneakers For Men,"₹4,299","₹2,004"
448,Propel EL IDP Running Shoes For Men,"₹3,999","₹2,079"
449,Wired Run Pure Sneakers For Men,"₹5,999","₹3,599"
450,Disperse XT 3 Knit Training & Gym Shoes For Men,"₹5,999","₹3,599"
451,Puma Grypease IDP Walking Shoes For Men,"₹3,999","₹1,960"
452,Dwane IDP Casuals For Men,"₹3,999","₹2,399"
453,Teveris Nitro Canyons Sneakers For Men,"₹9,999","₹4,700"
454,PUMA DISRIDE Casuals For Men,"₹4,299","₹2,364"
455,NOVA Elite Tennis Shoes For Men,"₹11,999","₹6,599"
456,Explore Nitro Running Shoes For Men,"₹10,999","₹7,149"
457,Lite Pro v2 Casuals For Men,"₹3,999","₹1,799"
458,Puma Grypease IDP Walking Shoes For Men,"₹3,999","₹1,947"
459,Badminton Smash Sprint Badminton Shoes For Men,"₹4,999","₹2,495"
460,PUMA R78 SL Sneakers For Men,"₹4,999","₹2,999"
461,Puma Exotine 2.0 IDP Running Shoes For Men,"₹4,299","₹4,999"
462,Lyon IDP Walking Shoes For Men,"₹3,299","₹1,849"
463,Feet Rodeo X2 Walking Shoes For Men,"₹5,499","₹1,814"
464,Puma Wired Rapid Sneakers For Men,"₹8,999","₹2,599"
465,Blktop Rider Leather Sneakers For Men,"₹3,999","₹4,949"
466,Puma Grypease IDP Walking Shoes For Men,"₹10,999","₹1,947"
467,Exotine 2.0 Running Shoes For Men,"₹12,999","₹4,999"
468,Wild Rider Mid WS Sneakers For Men,"₹7,999","₹6,049"
469,All Pro NITRO Basketball Shoes For Men,"₹5,499","₹7,149"
470,Liberate Nitro 2 Running Shoes For Men,"₹4,999","₹10,999"
471,X-Ray 3 Casuals For Men,"₹3,299","₹4,399"
472,Smash 3.0 L Sneakers For Men,"₹6,499","₹3,299"
473,Coarse Sneakers For Men,"₹11,999","₹1,849"
474,Cricket HighRun Cricket Shoes For Men,"₹7,999","₹1,979"
475,Softride One4all Running Shoes For Men,"₹4,499","₹3,574"
476,PUMA Spike 22.1 Cricket Shoes For Men,"₹5,499","₹5,640"
477,Basket Classic XXI Sneakers For Men,NA,"₹4,799"
478,Walk Max Walking Shoes For Men,NA,"₹2,346"
479,Puma Rock V2 Sneakers For Men,NA,"₹3,299"
480,X-Ray Speed Casuals For Men,"₹6,999","₹3,849"
481,Bazin Running Shoes For Men,"₹3,999","₹1,999"
482,Genetics Speckle Basketball Shoes For Men,"₹9,999","₹5,499"
483,Suede Classic XXI Sneakers For Men,"₹5,999","₹3,299"
484,Caven 2.0 Casuals For Men,"₹5,999","₹3,299"
485,Radcliff VI Sports Running Shoes For Men,"₹4,499","₹2,589"
486,Puma Onehill Sneakers For Men,"₹4,299","₹2,088"
487,Puma level IDP Sneakers For Men,"₹4,299","₹2,004"
488,Puma Vellfire Sneakers For Men,"₹4,499","₹2,159"
489,Pint Casuals For Men,"₹4,299","₹2,579"
490,Disperse XT 3 Knit Training & Gym Shoes For Men,"₹5,999","₹3,599"
491,Puma Grypease IDP Walking Shoes For Men,"₹3,999","₹1,960"
492,Puma Jitter Sneakers For Men,"₹4,999","₹2,340"
493,Flyer Lite Running Shoes For Men,"₹4,999","₹2,749"
494,Flyer Flex Walking Shoes For Men,"₹3,999","₹2,999"
495,BMW MMS Drift Cat Delta Sneakers For Men,"₹7,999","₹4,799"
496,Explore Nitro Running Shoes For Men,"₹10,999","₹7,149"
497,Lite Pro v2 Casuals For Men,"₹3,999","₹1,799"
498,Court Shatter Low Sneakers For Men,"₹5,999","₹3,179"
499,Enzo 2 Revamp Running Shoes For Men,"₹5,499","₹3,299"
500,PUMA R78 SL Sneakers For Men,"₹4,999","₹2,999"
501,Puma Exotine 2.0 IDP Running Shoes For Men,"₹4,299","₹4,999"
502,Flex Fire V1 IDP Running Shoes For Men,"₹3,999","₹2,364"
503,Puma Alfarun Hyperwave Sneakers For Men,"₹4,499","₹2,399"
504,Flexrate Casuals For Men,"₹6,999","₹1,569"
505,NOVA Smash Tennis Shoes For Men,"₹3,999","₹3,849"
506,Puma Grypease IDP Walking Shoes For Men,"₹5,999","₹1,947"
507,Exotine 2.0 Running Shoes For Men,"₹4,999","₹4,999"
508,Suede Classic XXI Sneakers For Men,"₹7,999","₹3,299"
509,Dynamite Slip-on Sneakers For Men,"₹6,999","₹2,399"
510,Liberate Nitro 2 Running Shoes For Men,"₹9,999","₹10,999"
511,X-Ray 3 Casuals For Men,"₹6,499","₹4,399"
512,X-Ray Speed Lite Casuals For Men,"₹9,999","₹3,849"
513,BMW MMS Suede T Casuals For Men,"₹11,999","₹5,499"
514,Graviton Casuals For Men,"₹7,999","₹3,574"
515,Slitream Xtreme Cordura Sneakers For Men,"₹3,999","₹5,499"
516,PUMA Spike 22.1 Cricket Shoes For Men,"₹3,999","₹5,640"
517,Basket Classic XXI Sneakers For Men,NA,"₹4,799"
518,Puma Cardif Slip on IDP Walking Shoes For Men,NA,"₹2,172"
519,Duke Sneakers For Men,NA,"₹1,799"
520,X-Ray Speed Casuals For Men,"₹6,999","₹3,849"
521,Bazin Running Shoes For Men,"₹3,999","₹1,999"
522,Desierto v3 Puretex Casuals For Men,"₹11,999","₹6,599"
523,Rickie Sneakers For Men,"₹5,499","₹3,024"
524,Mercedes-AMG Petronas F1 Caven 2.0 Casuals For Men,"₹6,999","₹3,849"
525,Puma X-Ray Declan One8 Sneakers For Men,"₹4,999","₹2,599"
526,Puma Onehill Sneakers For Men,"₹4,299","₹2,088"
527,Puma level IDP Sneakers For Men,"₹4,299","₹2,004"
528,Flamecrest Slipon Sneakers For Men,"₹2,999","₹1,649"
529,Stride Evo v1 Slip on Sneakers For Men,"₹3,799","₹1,975"
530,Disperse XT 3 Knit Training & Gym Shoes For Men,"₹5,999","₹3,599"
531,Puma Grypease IDP Walking Shoes For Men,"₹3,999","₹1,960"
532,Puma Fire V2 Walking Shoes For Men,"₹4,299","₹1,849"
533,Rapid Runner IDP Walking Shoes For Men,"₹3,999","₹2,079"
534,Obstruct Pro Mid WTR Outdoors For Men,"₹10,999","₹6,049"
535,PUMA Flex Addict Sneakers For Men,"₹4,299","₹2,235"
536,Explore Nitro Running Shoes For Men,"₹10,999","₹7,149"
537,Lite Pro v2 Casuals For Men,"₹3,999","₹1,799"
538,Ferrari Mirage Sport Tech Camo Sneakers For Men,"₹11,999","₹7,199"
539,Supernal NU 2 IDP Running Shoes For Men,"₹2,999","₹1,379"
540,PUMA R78 SL Sneakers For Men,"₹4,999","₹2,999"
541,Puma Exotine 2.0 IDP Running Shoes For Men,"₹3,999","₹4,999"
542,Puma Grypease IDP Walking Shoes For Men,"₹4,499","₹1,960"
543,Puma Walter Running Shoes For Men,"₹5,999","₹2,699"
544,Supertec zero Sneakers For Men,"₹8,999","₹3,299"
545,BMW MMS Trinity Walking Shoes For Men,"₹3,999","₹4,499"
546,Puma Grypease IDP Walking Shoes For Men,"₹7,499","₹1,947"
547,Exotine 2.0 Running Shoes For Men,"₹3,999","₹4,999"
548,Rebound Future EVO Core Sneakers For Men,"₹7,999","₹3,899"
549,Puma Pwrflow Slipon Running Shoes For Men,"₹4,299","₹2,199"
550,Liberate Nitro 2 Running Shoes For Men,"₹5,499","₹10,999"
551,X-Ray 3 Casuals For Men,"₹4,499","₹4,399"
552,Jigsaw Walking Shoes For Men,"₹3,999","₹2,364"
553,ST Runner v4 L Casuals For Men,"₹11,999","₹3,024"
554,NRGY Comet Running Shoes For Men,"₹7,999","₹2,352"
555,Puma Fireball V1 Walking Shoes For Men,"₹4,499","₹1,920"
556,PUMA Spike 22.1 Cricket Shoes For Men,"₹4,499","₹5,640"
557,Basket Classic XXI Sneakers For Men,NA,"₹4,799"
558,Puma Zestylite Casuals For Men,NA,"₹2,699"
559,Buzz Sneakers For Men,NA,"₹1,299"
560,X-Ray Speed Casuals For Men,"₹6,999","₹3,849"
561,Bazin Running Shoes For Men,"₹3,999","₹1,999"
562,Puma Deuce Badminton Shoes For Men,"₹3,999","₹1,880"
563,Tap Walking Shoes For Men,"₹3,999","₹1,716"
564,Buzz Sneakers For Men,"₹4,499","₹1,299"
565,Enzo Stridance IDP Running Shoes For Men,"₹5,499","₹2,640"
566,Puma Onehill Sneakers For Men,"₹4,299","₹2,088"
567,Puma level IDP Sneakers For Men,"₹4,299","₹2,004"
568,UP Casuals For Men,"₹3,999","₹2,199"
569,PUMA Seattle Casuals For Men,"₹4,499","₹2,474"
570,Disperse XT 3 Knit Training & Gym Shoes For Men,"₹5,999","₹3,599"
571,Puma Grypease IDP Walking Shoes For Men,"₹3,999","₹1,960"
572,Softride Clean V2 Running Shoes For Men,"₹4,999","₹2,749"
573,Puma Technner Sneakers For Men,"₹4,999","₹2,391"
574,Blktop Rider Leather Sneakers For Men,"₹8,999","₹4,947"
575,Electrify NITRO 3 Running Shoes For Men,"₹9,999","₹5,499"
576,Explore Nitro Running Shoes For Men,"₹10,999","₹7,149"
577,Lite Pro v2 Casuals For Men,"₹3,999","₹1,799"
578,Smash V2 Buck Sneakers For Men,"₹4,499","₹2,115"
579,Ziller V2 IDP Casuals For Men,"₹3,499","₹1,645"
580,PUMA R78 SL Sneakers For Men,"₹4,999","₹2,999"
581,Puma Exotine 2.0 IDP Running Shoes For Men,"₹6,499","₹4,999"
582,Softride Carson Fresh Running Shoes For Men,"₹6,999","₹3,574"
583,Anzarun 2.0 Sneakers For Men,"₹4,999","₹3,996"
584,Flair 2 Walking Shoes For Men,"₹4,999","₹1,849"
585,Dynamite Slip-on Sneakers For Men,"₹3,999","₹1,999"
586,Puma Grypease IDP Walking Shoes For Men,"₹4,999","₹1,947"
587,Exotine 2.0 Running Shoes For Men,"₹3,999","₹4,999"
588,Softride Victoride Strap Eng Walking Shoes For Men,"₹7,999","₹2,399"
589,Blaze Walking Shoes For Men,"₹5,499","₹1,999"
590,Liberate Nitro 2 Running Shoes For Men,"₹4,999","₹10,999"
591,X-Ray 3 Casuals For Men,"₹7,499","₹4,399"
592,Softride Flex Vital Walking Shoes For Men,"₹9,999","₹3,299"
593,Rungryp Sneakers For Men,"₹11,999","₹2,749"
594,NOVA Court Tennis Shoes For Men,"₹7,999","₹4,124"
595,CA Pro AC Milan Sneakers For Men,"₹9,999","₹5,499"
596,PUMA Spike 22.1 Cricket Shoes For Men,"₹3,999","₹5,640"
597,Basket Classic XXI Sneakers For Men,NA,"₹4,799"
598,Teveris Nitro Canyons Sneakers For Men,NA,"₹5,199"
599,PUMA Turf Slip On Walking Shoes For Men,NA,"₹2,079"
600,X-Ray Speed Casuals For Men,"₹6,999","₹3,849"
601,Bazin Running Shoes For Men,"₹3,999","₹1,999"
602,Puma Tread Run Casuals For Men,"₹4,499","₹2,699"
603,Amaze Runner Sneakers For Men,"₹4,999","₹1,859"
604,Transport Running Shoes For Men,"₹4,999","₹2,599"
605,Coy Float Slip On Walking Shoes For Men,"₹4,499","₹2,115"
606,Puma Onehill Sneakers For Men,"₹4,299","₹2,088"
607,Puma level IDP Sneakers For Men,"₹4,299","₹2,004"
608,Solarflash II Badminton Shoes For Men,"₹5,999","₹3,299"
609,Teveris Nitro Canyons Sneakers For Men,"₹9,999","₹5,199"
610,Disperse XT 3 Knit Training & Gym Shoes For Men,"₹5,999","₹3,599"
611,Puma Grypease IDP Walking Shoes For Men,"₹3,999","₹1,960"
612,Reflect Lite Trail PTX Running Shoes For Men,"₹6,999","₹3,849"
613,PUMA Turf Slip On Walking Shoes For Men,"₹3,999","₹2,079"
614,Rebound Abrupt Casuals For Men,"₹7,999","₹4,399"
615,Wired Run Walking Shoes For Men,"₹4,499","₹2,019"
616,Explore Nitro Running Shoes For Men,"₹10,999","₹7,149"
617,Lite Pro v2 Casuals For Men,"₹3,999","₹1,799"
618,Puma Ultragrip Walking Shoes For Men,"₹3,999","₹2,199"
619,Flyer Runner Engineered Knit V1 Sneakers For Men,"₹5,499","₹2,199"
620,PUMA R78 SL Sneakers For Men,"₹4,999","₹2,999"
621,Puma Exotine 2.0 IDP Running Shoes For Men,"₹6,999","₹4,999"
622,BMW MMS Neo Cat 2.0 Casuals For Men,"₹4,499","₹3,849"
623,PUMA ANZARUN GRAMER Sneakers For Men,"₹8,999","₹2,115"
624,Redeem Pro Trail Outdoors For Men,"₹8,999","₹3,599"
625,Redeem Pro Racer Running Shoes For Men,"₹3,999","₹4,949"
626,Puma Grypease IDP Walking Shoes For Men,"₹4,799","₹1,947"
627,Exotine 2.0 Running Shoes For Men,"₹5,499","₹4,999"
628,Turin 3 Sneakers For Men,"₹7,999","₹2,592"
629,Puma Mile on Running Shoes For Men,"₹4,499","₹3,299"
630,Liberate Nitro 2 Running Shoes For Men,"₹7,999","₹10,999"
631,X-Ray 3 Casuals For Men,"₹7,999","₹4,399"
632,PUMA ANZARUN GRAMER Sneakers For Men,"₹4,999","₹2,115"
633,Roma OG Nylon Sneakers For Men,"₹11,999","₹4,159"
634,MAPF1 Neo Cat Sneakers For Men,"₹7,999","₹3,760"
635,Zenith V1 Sneakers For Men,"₹5,999","₹2,749"
636,PUMA Spike 22.1 Cricket Shoes For Men,"₹12,999","₹5,640"
637,Basket Classic XXI Sneakers For Men,NA,"₹4,799"
638,Puma Rickie Classic Sneakers For Men,NA,"₹3,599"
639,BMW MMS Slipstream Sneakers For Men,NA,"₹7,799"
640,X-Ray Speed Casuals For Men,"₹6,999","₹3,849"
641,Bazin Running Shoes For Men,"₹3,999","₹1,999"
642,Armour V2 Sneaker Running Shoes For Men,"₹3,999","₹1,773"
643,Puma Neofuse Sneakers For Men,"₹4,499","₹2,205"
644,MAPF1 Wired Run Sneakers For Men,"₹6,999","₹3,420"
645,Resolve Modern Sneakers For Men,"₹3,999","₹1,880"
646,Puma Onehill Sneakers For Men,"₹4,299","₹2,088"
647,Puma level IDP Sneakers For Men,"₹4,299","₹2,004"
648,Hypnotic LS Sneakers For Men,"₹6,999","₹3,849"
649,Puma Urus Sneakers For Men,"₹3,999","₹1,579"
650,Disperse XT 3 Knit Training & Gym Shoes For Men,"₹5,999","₹3,599"
651,Puma Grypease IDP Walking Shoes For Men,"₹3,999","₹1,960"
652,Puma Fireball V1 Walking Shoes For Men,"₹3,999","₹2,079"
653,Puma Flexrate Casuals For Men,"₹4,499","₹1,709"
654,Puma Rungryp Sneakers For Men,"₹4,999","₹2,599"
655,MB.03 Blue Hive Basketball Shoes For Men,"₹13,999","₹8,399"
656,Explore Nitro Running Shoes For Men,"₹10,999","₹7,149"
657,Lite Pro v2 Casuals For Men,"₹3,999","₹1,799"
658,Softride Rift Runlyn Knit Walking Shoes For Men,"₹5,499","₹2,639"
659,Caven 2.0 Mid Sneakers For Men,"₹6,999","₹4,199"
660,PUMA R78 SL Sneakers For Men,"₹4,999","₹2,999"
661,Puma Exotine 2.0 IDP Running Shoes For Men,"₹4,999","₹4,999"
662,Puma Shuffle Perf RES Sneakers For Men,"₹5,499","₹3,499"
663,ST Runner v3 L Sneakers For Men,"₹6,999","₹3,299"
664,Cell Vive Intake Running Shoes For Men,"₹7,999","₹3,849"
665,Future Rider Displaced Casuals For Men,"₹3,999","₹4,399"
666,Puma Grypease IDP Walking Shoes For Men,"₹3,999","₹1,947"
667,Exotine 2.0 Running Shoes For Men,"₹3,999","₹4,999"
668,PUMA Turf Slip On Walking Shoes For Men,"₹7,999","₹1,879"
669,Puma Altell Casuals For Men,"₹3,999","₹1,599"
670,Liberate Nitro 2 Running Shoes For Men,"₹5,999","₹10,999"
671,X-Ray 3 Casuals For Men,"₹7,999","₹4,399"
672,Puma Cardif Slip on IDP Walking Shoes For Men,"₹5,499","₹2,399"
673,Twitch Runner Fresh Running Shoes For Men,"₹11,999","₹3,299"
674,Rebound Abrupt Casuals For Men,"₹7,999","₹4,399"
675,Emergence Training & Gym Shoes For Men,"₹3,799","₹2,469"
676,PUMA Spike 22.1 Cricket Shoes For Men,"₹7,499","₹5,640"
677,Basket Classic XXI Sneakers For Men,NA,"₹4,799"
678,Stride Evo v1 Slip on Sneakers For Men,NA,"₹2,279"
679,NOVA Court Tennis Shoes For Men,NA,"₹4,124"
680,X-Ray Speed Casuals For Men,"₹6,999","₹3,849"
681,Puma Onehill Sneakers For Men,"₹4,299","₹2,088"
682,Puma Rideric Sneakers For Men,"₹4,499","₹2,474"
683,COMET 2 ALT Beta Running Shoes For Men,"₹4,499","₹2,019"
684,Stride Evo v1 Slip on Sneakers For Men,"₹3,799","₹1,859"
685,Club 5v5 Lux OG Casuals For Men,"₹6,999","₹3,849"
686,Bazin Running Shoes For Men,"₹3,999","₹1,999"
687,Puma level IDP Sneakers For Men,"₹4,299","₹2,004"
688,Resolve Modern Running Shoes For Men,"₹3,999","₹1,882"
689,Mercedes-AMG Petronas F1 Tiburion Casuals For Men,"₹7,999","₹4,399"
690,Disperse XT 3 Knit Training & Gym Shoes For Men,"₹5,999","₹3,599"
691,Puma Grypease IDP Walking Shoes For Men,"₹3,999","₹1,960"
692,Zod Runner V3 IDP Casuals For Men,"₹3,999","₹2,399"
693,Rebound Future EVO Core Sneakers For Men,"₹7,499","₹4,124"
694,Ferrari R-Cat Machina Sneakers For Men,"₹7,999","₹3,599"
695,Enzo Magnus Running Shoes For Men,"₹5,499","₹3,024"
696,Explore Nitro Running Shoes For Men,"₹10,999","₹7,149"
697,Lite Pro v2 Casuals For Men,"₹3,999","₹1,799"
698,RS 3.0 Synth Pop Sneakers For Men,"₹9,999","₹5,999"
699,Softride EcoGryph Running Shoes For Men,"₹4,299","₹2,364"
700,PUMA R78 SL Sneakers For Men,"₹4,999","₹2,999"
701,Puma Exotine 2.0 IDP Running Shoes For Men,"₹5,499","₹4,999"
702,Enzo 2 Uncaged Running Shoes For Men,"₹3,299","₹2,587"
703,Puma-Punch Comfort Sneakers For Men,"₹5,499","₹1,979"
704,Puma Rock V1 Sneakers For Men,"₹3,499","₹2,856"
705,Lazer Evo Sneakers For Men,"₹3,999","₹1,924"
706,Puma Grypease IDP Walking Shoes For Men,"₹4,499","₹1,947"
707,Exotine 2.0 Running Shoes For Men,"₹5,499","₹4,999"
708,Puma Tread Run Casuals For Men,"₹7,999","₹2,474"
709,FTR Xtraflow IDP Running Shoes For Men,"₹6,999","₹2,859"
710,Liberate Nitro 2 Running Shoes For Men,"₹6,499","₹10,999"
711,X-Ray 3 Casuals For Men,"₹4,499","₹4,399"
712,Softride Astro Slip Walking Shoes For Men,"₹3,499","₹3,849"
713,Caven 2.0 Lux Casuals For Men,"₹11,999","₹3,574"
714,Morgan SL V1 Sneakers For Men,"₹7,999","₹2,474"
715,Resolve Smooth Walking Shoes For Men,"₹5,999","₹1,749"
716,PUMA Spike 22.1 Cricket Shoes For Men,"₹4,499","₹5,640"
717,Basket Classic XXI Sneakers For Men,NA,"₹4,799"
718,Cell Glare Running Shoes For Men,NA,"₹3,299"
719,Smashic Sneakers For Men,NA,"₹2,241"
720,X-Ray Speed Casuals For Men,"₹6,999","₹3,849"
721,Puma Onehill Sneakers For Men,"₹4,299","₹2,088"
722,COMET 2 ALT Beta Running Shoes For Men,"₹4,499","₹2,019"
723,Cell Glare Running Shoes For Men,"₹5,999","₹3,299"
724,Resolve Smooth Walking Shoes For Men,"₹3,499","₹1,749"
725,Electron E Pro Running Shoes For Men,"₹4,999","₹2,599"
726,Bazin Running Shoes For Men,"₹3,999","₹1,999"
727,Puma level IDP Sneakers For Men,"₹4,299","₹2,004"
728,Anzarun Lite Running Shoes For Men,"₹2,999","₹1,553"
729,Ferrari Kart Cat III Sneakers For Men,"₹6,499","₹3,574"
730,Puma Grypease IDP Walking Shoes For Men,"₹3,999","₹1,960"
731,Disperse XT 3 Knit Training & Gym Shoes For Men,"₹5,999","₹3,599"
732,Puma Lightspeed Casuals For Men,"₹4,499","₹2,115"
733,Slipstream Sneakers For Men,"₹9,999","₹5,999"
734,Playmaker Pro Plus Basketball Shoes For Men,"₹8,999","₹4,906"
735,FlexFocus Lite Better Knit Running Shoes For Men,"₹5,499","₹3,024"
736,Explore Nitro Running Shoes For Men,"₹10,999","₹7,149"
737,Lite Pro v2 Casuals For Men,"₹3,999","₹1,799"
738,Badminton Agile Basketball Shoes For Men,"₹3,499","₹2,099"
739,Puma Rush Racer Sneakers For Men,"₹4,499","₹2,205"
740,PUMA R78 SL Sneakers For Men,"₹4,999","₹2,999"
741,Puma Grypease IDP Walking Shoes For Men,"₹3,999","₹1,947"
742,Puma Technner Sneakers For Men,"₹4,999","₹2,319"
743,Bazin Running Shoes For Men,"₹3,999","₹2,199"
744,Pacer Styx IDP Running Shoes For Men,"₹4,499","₹1,799"
745,BMW MMS Wired Run Running Shoes For Men,"₹6,999","₹3,849"
746,Puma Exotine 2.0 IDP Running Shoes For Men,"₹8,999","₹4,999"
747,Exotine 2.0 Running Shoes For Men,"₹4,499","₹4,999"
748,Redeem Pro Racer Running Shoes For Men,"₹7,999","₹4,949"
749,Flyer Flex Strap Running Shoes For Men,"₹3,999","₹2,699"
750,Liberate Nitro 2 Running Shoes For Men,"₹4,999","₹10,999"
751,X-Ray 3 Casuals For Men,"₹3,999","₹4,399"
752,Duke Walking Shoes For Men,"₹5,499","₹1,713"
753,Softride Clean V2 Walking Shoes For Men,"₹11,999","₹2,999"
754,Rapid Runner IDP Sneakers For Men,"₹7,999","₹2,199"
755,ST Runner v4 L Casuals For Men,"₹4,499","₹3,024"
756,PUMA Spike 22.1 Cricket Shoes For Men,"₹11,999","₹5,640"
757,Basket Classic XXI Sneakers For Men,NA,"₹4,799"
758,Puma Knitrun IDP Running Shoes For Men,NA,"₹2,446"
759,NOVA Elite Tennis Shoes For Men,NA,"₹6,599"
760,X-Ray Speed Casuals For Men,"₹6,999","₹3,849"
761,Puma Onehill Sneakers For Men,"₹4,299","₹2,088"
762,Puma Knitrun IDP Running Shoes For Men,"₹4,499","₹2,446"
763,NOVA Elite Tennis Shoes For Men,"₹11,999","₹6,599"
764,Puma Rashride Knit IDP Running Shoes For Men,"₹4,499","₹2,160"
765,Electron 2.0 Sneakers For Men,"₹5,999","₹2,820"
766,Bazin Running Shoes For Men,"₹3,999","₹1,999"
767,Puma level IDP Sneakers For Men,"₹4,299","₹2,004"
768,Anzarun Krick Pro Slipon Sneakers For Men,"₹4,499","₹2,474"
769,Bazin Running Shoes For Men,"₹3,999","₹1,999"
770,Disperse XT 3 Knit Training & Gym Shoes For Men,"₹5,999","₹3,599"
771,Puma Grypease IDP Walking Shoes For Men,"₹3,999","₹1,960"
772,RS-X Geek Sneakers For Men,"₹10,999","₹6,599"
773,Accelerate Pro II Sneakers For Men,"₹8,999","₹5,399"
774,Resolve Modern Running Shoes For Men,"₹3,999","₹1,599"
775,Softride Pro Echo One8 Walking Shoes For Men,"₹7,999","₹4,239"
776,Explore Nitro Running Shoes For Men,"₹10,999","₹7,149"
777,Lite Pro v2 Casuals For Men,"₹3,999","₹1,799"
778,Puma Rickie Sneakers For Men,"₹5,499","₹2,634"
779,Milenio Tech Sneakers For Men,"₹6,999","₹3,849"
780,PUMA R78 SL Sneakers For Men,"₹4,999","₹2,999"
781,Puma Exotine 2.0 IDP Running Shoes For Men,"₹4,499","₹4,999"
782,Radcliff Walking Shoes For Men,"₹3,999","₹2,589"
783,Seawalk IDP Casuals For Men,"₹6,999","₹1,920"
784,Club 5v5 SD Sneakers For Men,"₹4,499","₹3,849"
785,Puma Propelix Sneakers For Men,"₹3,999","₹2,474"
786,Puma Grypease IDP Walking Shoes For Men,"₹7,499","₹1,947"
787,Exotine 2.0 Running Shoes For Men,"₹4,499","₹4,999"
788,Solarstrike III Badminton Shoes For Men,"₹7,999","₹4,124"
789,Anzarun Krick Pro Slipon Sneakers For Men,"₹5,999","₹2,474"
790,Liberate Nitro 2 Running Shoes For Men,"₹4,499","₹10,999"
791,X-Ray 3 Casuals For Men,"₹4,999","₹4,399"
792,Court Shatter Low Sneakers For Men,"₹4,499","₹3,179"
793,ST Runner v3 Mesh Sneakers For Men,"₹11,999","₹2,474"
794,Badminton Smash Sprint Running Shoes For Men,"₹7,999","₹2,499"
795,Puma Jetfly Sneakers For Men,"₹5,499","₹2,699"
796,PUMA Spike 22.1 Cricket Shoes For Men,"₹3,999","₹5,640"
797,Basket Classic XXI Sneakers For Men,NA,"₹4,799"
798,ST Runner v3 L Sneakers For Men,NA,"₹3,299"
799,Pacer Glory IDP Casuals For Men,NA,"₹2,199"
